date,room_revenue,fnb_revenue,occupancy,adr,event_flag
2022-01-01,12200.29,5933.49,0.79,104.09,0
2022-01-02,19490.71,6771.22,0.75,131.84,0
2022-01-03,16990.42,6035.06,0.86,106.76,0
2022-01-04,10727.97,5584.37,0.62,151.19,0
2022-01-05,13974.9,4426.09,0.58,111.0,1
2022-01-06,21780.03,7090.78,0.61,135.96,0
2022-01-07,9000.0,6103.93,0.78,127.72,0
2022-01-08,14498.81,5541.36,0.65,125.88,0
2022-01-09,20430.78,5445.83,0.85,92.52,0
2022-01-10,12966.41,5333.95,0.58,123.36,0
2022-01-11,13623.9,5742.66,0.91,107.37,0
2022-01-12,15668.52,4464.01,0.93,114.47,0
2022-01-13,21219.86,7030.3,0.86,133.8,0
2022-01-14,13763.84,5382.81,0.9,173.91,0
2022-01-15,14446.06,5920.07,0.7,159.17,1
2022-01-16,14479.77,4679.72,0.61,134.3,0
2022-01-17,23720.76,5649.9,0.63,131.94,0
2022-01-18,23653.75,2461.9,0.75,118.68,0
2022-01-19,19514.19,3858.04,0.81,106.98,0
2022-01-20,17351.65,5162.3,0.78,132.97,0
2022-01-21,18580.79,3613.03,0.59,117.0,0
2022-01-22,21217.56,8127.3,0.84,156.61,1
2022-01-23,12724.58,3198.3,0.87,163.63,0
2022-01-24,20115.4,5615.08,0.56,163.53,0
2022-01-25,11611.42,7186.93,0.73,113.56,0
2022-01-26,13767.87,5777.54,0.73,115.87,0
2022-01-27,19174.87,4827.73,0.58,103.2,0
2022-01-28,10999.62,4537.43,0.62,136.67,0
2022-01-29,15509.76,6007.91,0.88,109.61,0
2022-01-30,12983.86,4239.68,0.78,114.13,0
2022-01-31,15105.33,5056.62,0.64,109.02,0
2022-02-01,9000.0,6029.44,0.73,114.98,0
2022-02-02,9799.63,4830.55,0.89,154.77,0
2022-02-03,13550.43,5305.01,0.59,80.6,0
2022-02-04,19246.12,4835.1,0.93,134.47,0
2022-02-05,15392.28,4036.24,0.61,110.48,0
2022-02-06,16009.96,6626.98,0.67,167.2,0
2022-02-07,18408.78,6871.68,0.62,139.9,0
2022-02-08,12921.62,4819.96,0.74,106.66,0
2022-02-09,16992.7,4881.31,0.67,114.01,0
2022-02-10,13181.22,4986.52,0.95,114.74,0
2022-02-11,9953.16,5846.56,0.56,145.71,0
2022-02-12,14631.85,4113.64,0.68,155.5,0
2022-02-13,18008.32,5093.77,0.79,127.77,0
2022-02-14,17185.06,5515.55,0.69,122.42,0
2022-02-15,15958.59,5970.45,0.73,143.79,0
2022-02-16,24373.28,2000.0,0.72,125.49,0
2022-02-17,17445.19,5684.08,0.58,133.42,0
2022-02-18,19425.58,5615.02,0.81,128.98,0
2022-02-19,23833.5,6409.27,0.88,110.81,0
2022-02-20,11470.7,4568.48,0.76,149.54,1
2022-02-21,12364.24,4577.98,0.61,114.35,0
2022-02-22,22102.99,6643.02,0.74,159.88,0
2022-02-23,13206.78,3324.21,0.56,146.24,0
2022-02-24,16103.89,7154.91,0.91,128.49,0
2022-02-25,19742.61,8267.07,0.65,102.61,0
2022-02-26,19117.47,5772.94,0.91,155.16,1
2022-02-27,22142.1,6176.92,0.78,130.68,0
2022-02-28,21234.75,3412.5,0.94,141.08,1
2022-03-01,19742.87,4366.53,0.89,151.58,0
2022-03-02,13295.52,6469.44,0.55,104.84,0
2022-03-03,18782.02,5634.18,0.56,131.55,0
2022-03-04,17099.95,4982.29,0.85,118.22,0
2022-03-05,11358.07,5479.44,0.76,130.75,0
2022-03-06,20960.55,5808.37,0.85,133.23,0
2022-03-07,18825.33,4848.29,0.79,95.06,0
2022-03-08,16159.22,5165.26,0.64,120.89,0
2022-03-09,15184.18,5156.43,0.86,126.61,0
2022-03-10,11805.95,3937.27,0.56,102.46,0
2022-03-11,16698.33,5588.31,0.87,111.76,1
2022-03-12,17639.54,7364.3,0.82,127.24,0
2022-03-13,13090.96,7278.35,0.82,137.35,0
2022-03-14,20067.71,3428.32,0.57,122.36,0
2022-03-15,12159.79,5884.76,0.63,112.42,1
2022-03-16,9000.0,6010.6,0.75,106.92,0
2022-03-17,19639.04,4707.39,0.73,118.57,0
2022-03-18,14588.22,4042.96,0.56,110.62,0
2022-03-19,15558.9,3615.02,0.68,135.72,0
2022-03-20,13068.69,4666.36,0.94,129.55,0
2022-03-21,10379.13,5620.01,0.67,113.3,0
2022-03-22,20393.33,5010.33,0.8,129.1,0
2022-03-23,13588.96,4466.88,0.82,166.95,0
2022-03-24,21813.33,3701.01,0.8,138.54,0
2022-03-25,18825.58,5620.86,0.67,129.58,0
2022-03-26,14898.35,6479.85,0.78,137.91,0
2022-03-27,12199.34,4087.69,0.83,147.76,0
2022-03-28,13436.38,5738.11,0.7,97.62,0
2022-03-29,11756.17,2944.63,0.66,117.33,0
2022-03-30,23304.9,4411.04,0.66,113.89,0
2022-03-31,16575.54,6075.52,0.92,113.38,0
2022-04-01,20025.72,3858.68,0.81,163.06,0
2022-04-02,11564.27,4474.68,0.85,134.19,1
2022-04-03,16633.62,6901.56,0.78,145.08,0
2022-04-04,20122.52,4320.59,0.8,130.38,1
2022-04-05,14827.46,4175.27,0.66,174.55,0
2022-04-06,19608.9,5891.02,0.91,88.82,0
2022-04-07,12204.01,7545.68,0.75,116.28,0
2022-04-08,11227.85,4912.4,0.87,117.07,0
2022-04-09,17327.9,6122.48,0.76,118.72,0
2022-04-10,14672.88,6814.92,0.6,141.46,0
2022-04-11,18247.19,5590.66,0.59,126.62,0
2022-04-12,9077.39,4876.1,0.74,136.71,1
2022-04-13,18492.93,4148.41,0.72,143.76,0
2022-04-14,25094.06,3489.75,0.92,129.06,0
2022-04-15,15913.81,6534.04,0.6,138.11,0
2022-04-16,16119.5,5417.15,0.82,117.08,0
2022-04-17,16628.42,6799.36,0.92,113.39,0
2022-04-18,9483.09,6386.71,0.71,109.05,0
2022-04-19,17491.51,4459.64,0.9,126.52,0
2022-04-20,10381.07,3775.74,0.61,107.83,1
2022-04-21,14503.12,5695.2,0.59,105.74,0
2022-04-22,20350.04,4440.99,0.64,136.73,0
2022-04-23,13426.74,5652.03,0.76,108.25,0
2022-04-24,17754.37,4322.62,0.81,135.21,0
2022-04-25,19544.59,4166.53,0.86,119.2,0
2022-04-26,16975.59,5030.81,0.86,114.58,0
2022-04-27,11201.68,6320.92,0.59,141.36,0
2022-04-28,14836.34,5567.85,0.9,142.86,0
2022-04-29,22857.94,6614.05,0.59,128.86,1
2022-04-30,9000.0,3719.73,0.91,150.38,0
2022-05-01,15034.75,3931.51,0.93,94.73,0
2022-05-02,14067.62,5093.0,0.78,144.46,0
2022-05-03,16422.62,7798.84,0.83,110.53,1
2022-05-04,18618.75,6009.14,0.7,120.84,0
2022-05-05,21630.42,3920.06,0.77,131.45,0
2022-05-06,15054.19,5108.63,0.88,112.51,0
2022-05-07,18843.19,5464.86,0.61,124.23,0
2022-05-08,17749.09,4517.58,0.75,117.32,0
2022-05-09,17660.22,5935.93,0.71,120.9,0
2022-05-10,14026.27,5012.26,0.9,162.88,0
2022-05-11,12509.37,4840.8,0.6,91.58,0
2022-05-12,12149.85,6712.31,0.91,121.14,0
2022-05-13,13352.47,3148.41,0.65,132.07,0
2022-05-14,17125.9,4045.83,0.79,104.63,0
2022-05-15,18663.32,4219.23,0.7,121.97,0
2022-05-16,17132.14,4182.78,0.92,130.45,0
2022-05-17,14078.66,4325.5,0.63,131.47,0
2022-05-18,22320.9,5786.17,0.75,139.81,0
2022-05-19,21316.03,6515.84,0.64,144.74,0
2022-05-20,14761.0,6299.25,0.87,119.05,0
2022-05-21,13117.99,3976.53,0.66,126.58,0
2022-05-22,16455.75,5071.1,0.93,99.45,0
2022-05-23,20435.55,5742.72,0.92,124.05,0
2022-05-24,17164.68,5488.0,0.74,98.88,0
2022-05-25,17947.92,6766.9,0.56,125.2,0
2022-05-26,15257.72,4389.6,0.94,139.82,0
2022-05-27,17596.95,5387.58,0.82,132.44,0
2022-05-28,21405.91,4728.12,0.75,126.64,0
2022-05-29,15161.16,5501.29,0.79,139.53,0
2022-05-30,16501.58,3905.32,0.59,144.28,0
2022-05-31,16888.36,4085.27,0.61,110.08,0
2022-06-01,16993.04,4323.87,0.81,146.35,0
2022-06-02,11058.39,4523.6,0.57,111.38,0
2022-06-03,9430.96,7057.51,0.83,116.98,0
2022-06-04,12431.21,6610.48,0.92,138.06,0
2022-06-05,16587.8,4944.82,0.83,128.2,0
2022-06-06,17938.5,5407.52,0.77,124.58,0
2022-06-07,14142.64,3286.68,0.87,128.11,1
2022-06-08,20820.4,4984.85,0.85,148.64,0
2022-06-09,15498.88,5391.54,0.79,126.22,0
2022-06-10,16071.11,6574.82,0.63,138.42,0
2022-06-11,15321.13,5592.17,0.55,137.96,0
2022-06-12,16469.09,5719.47,0.73,162.58,0
2022-06-13,18465.66,5557.32,0.65,149.9,1
2022-06-14,18329.79,5522.8,0.64,137.68,0
2022-06-15,12855.52,3523.89,0.75,137.95,0
2022-06-16,21332.82,4699.89,0.7,128.04,0
2022-06-17,12167.41,6921.86,0.75,122.08,0
2022-06-18,16277.29,6188.68,0.66,124.78,0
2022-06-19,15039.61,5793.08,0.79,125.44,1
2022-06-20,12328.53,5280.06,0.8,116.91,0
2022-06-21,15737.08,5991.33,0.63,117.55,0
2022-06-22,13407.15,4066.13,0.78,123.86,0
2022-06-23,16255.18,3303.93,0.73,119.16,0
2022-06-24,17410.8,4741.5,0.94,121.51,0
2022-06-25,21151.75,5845.51,0.84,122.0,0
2022-06-26,17075.84,5329.4,0.62,141.31,0
2022-06-27,13860.71,6416.75,0.9,139.26,0
2022-06-28,14629.33,5621.74,0.74,143.44,0
2022-06-29,16489.92,5253.81,0.89,147.41,0
2022-06-30,16327.11,6792.98,0.88,112.03,1
2022-07-01,21108.56,6558.85,0.56,125.52,0
2022-07-02,20883.74,5082.29,0.64,130.42,0
2022-07-03,14743.72,3876.34,0.91,132.96,0
2022-07-04,14079.75,4111.17,0.86,134.23,0
2022-07-05,9000.0,5006.26,0.6,150.56,0
2022-07-06,14078.78,4759.83,0.63,115.12,0
2022-07-07,12576.8,7189.31,0.8,129.15,0
2022-07-08,14758.11,3183.84,0.66,103.1,0
2022-07-09,17370.54,5122.89,0.63,132.51,0
2022-07-10,16620.17,3920.53,0.94,96.34,0
2022-07-11,15895.11,5340.16,0.73,131.49,0
2022-07-12,16698.54,5658.72,0.76,147.34,0
2022-07-13,15558.59,4714.12,0.81,136.19,0
2022-07-14,16689.57,5836.58,0.58,105.85,0
2022-07-15,9000.0,4961.65,0.71,111.05,0
2022-07-16,15057.47,4984.73,0.91,136.11,0
2022-07-17,15612.02,4698.53,0.93,122.98,0
2022-07-18,14805.58,5980.99,0.75,85.79,1
2022-07-19,15237.19,5366.2,0.91,150.51,0
2022-07-20,18461.59,7087.89,0.75,128.34,0
2022-07-21,13906.63,6724.03,0.94,99.27,0
2022-07-22,23702.46,5864.53,0.86,129.22,1
2022-07-23,18409.04,2608.67,0.88,164.86,0
2022-07-24,15977.92,3418.81,0.62,122.36,0
2022-07-25,15276.68,6383.5,0.55,122.09,0
2022-07-26,15697.17,4629.23,0.75,113.45,0
2022-07-27,12796.43,5481.81,0.94,136.65,0
2022-07-28,15666.79,4443.43,0.94,129.52,0
2022-07-29,16975.39,5821.46,0.8,139.61,0
2022-07-30,18028.4,6349.59,0.62,111.94,0
2022-07-31,18028.91,3748.45,0.55,138.12,0
2022-08-01,15037.93,4223.71,0.75,103.8,0
2022-08-02,11043.71,3203.53,0.67,133.94,0
2022-08-03,13658.14,5480.09,0.68,110.75,1
2022-08-04,21642.68,3201.66,0.88,125.69,1
2022-08-05,19136.2,4760.7,0.59,96.94,0
2022-08-06,17293.67,5823.53,0.59,126.76,0
2022-08-07,13335.47,7669.71,0.73,124.64,0
2022-08-08,16012.76,5642.1,0.72,97.49,0
2022-08-09,11605.16,6703.46,0.58,156.16,0
2022-08-10,14068.22,5510.99,0.77,136.2,0
2022-08-11,15141.79,5571.09,0.72,105.39,0
2022-08-12,14734.26,4946.89,0.95,106.86,0
2022-08-13,19348.11,4740.08,0.58,120.52,1
2022-08-14,11034.46,6609.25,0.6,114.78,0
2022-08-15,12970.99,5649.61,0.61,123.33,0
2022-08-16,11188.59,5603.56,0.68,85.98,0
2022-08-17,11669.26,4470.19,0.82,155.46,0
2022-08-18,16434.2,4785.95,0.94,112.09,0
2022-08-19,10398.46,7680.99,0.91,146.82,0
2022-08-20,18638.54,5119.0,0.73,121.98,0
2022-08-21,15136.14,6791.4,0.58,169.06,0
2022-08-22,16240.76,4575.7,0.81,140.46,0
2022-08-23,17129.02,6161.85,0.72,144.12,0
2022-08-24,14480.42,5547.75,0.56,146.52,0
2022-08-25,19613.68,4715.54,0.88,126.5,0
2022-08-26,15319.8,5978.28,0.76,127.71,0
2022-08-27,18079.25,3347.87,0.73,122.74,0
2022-08-28,15303.11,5889.55,0.84,131.51,0
2022-08-29,17018.06,6144.28,0.89,126.36,0
2022-08-30,16978.82,5527.69,0.92,131.52,0
2022-08-31,16874.89,6773.11,0.68,110.71,0
2022-09-01,12589.92,5118.28,0.62,117.5,0
2022-09-02,17525.57,5021.03,0.68,134.98,0
2022-09-03,14883.65,5626.05,0.94,125.38,0
2022-09-04,18206.71,6241.25,0.59,133.72,0
2022-09-05,9000.0,5883.81,0.93,137.08,1
2022-09-06,10872.09,4928.06,0.8,140.98,0
2022-09-07,17272.06,4005.73,0.55,133.89,0
2022-09-08,22520.25,5996.18,0.89,120.82,0
2022-09-09,18922.71,4252.51,0.82,109.43,0
2022-09-10,13611.42,4218.07,0.61,145.84,1
2022-09-11,10077.82,4414.43,0.69,112.53,1
2022-09-12,18599.4,5269.25,0.9,125.0,1
2022-09-13,15717.96,4244.44,0.84,154.12,0
2022-09-14,18067.46,3837.17,0.68,110.73,0
2022-09-15,16403.55,4409.39,0.87,120.1,0
2022-09-16,16103.75,4980.0,0.65,127.13,0
2022-09-17,26355.19,5745.14,0.77,92.84,0
2022-09-18,15978.55,5280.72,0.92,105.76,0
2022-09-19,15442.64,3903.45,0.72,147.52,0
2022-09-20,15574.93,5474.39,0.77,133.14,0
2022-09-21,13957.62,5587.31,0.86,139.86,0
2022-09-22,19465.47,4654.04,0.63,129.6,0
2022-09-23,14761.86,4244.5,0.73,89.85,0
2022-09-24,18225.8,4244.04,0.92,106.67,0
2022-09-25,16996.11,4561.83,0.81,84.93,0
2022-09-26,20266.45,7857.09,0.83,136.55,1
2022-09-27,17470.63,4133.11,0.93,173.78,0
2022-09-28,11753.15,5519.2,0.79,96.79,0
2022-09-29,11357.29,4343.08,0.9,144.28,0
2022-09-30,20929.29,4592.82,0.95,144.61,0
2022-10-01,13869.51,4352.64,0.82,128.36,0
2022-10-02,11377.89,6161.44,0.82,100.33,0
2022-10-03,13656.33,5654.93,0.62,109.4,0
2022-10-04,20426.19,5044.79,0.74,88.64,0
2022-10-05,11029.25,5803.52,0.85,122.74,0
2022-10-06,12967.27,6092.16,0.69,128.92,0
2022-10-07,13666.17,4179.14,0.6,139.8,0
2022-10-08,11620.84,5856.7,0.56,121.32,0
2022-10-09,11854.85,4338.84,0.82,109.74,1
2022-10-10,10686.62,6205.52,0.56,112.58,0
2022-10-11,14385.84,6088.24,0.75,122.63,0
2022-10-12,14757.82,5684.44,0.9,130.43,0
2022-10-13,13611.12,4948.09,0.88,150.04,0
2022-10-14,10212.06,4568.67,0.84,161.84,0
2022-10-15,20386.68,4883.65,0.89,124.86,0
2022-10-16,11348.22,6122.99,0.85,105.6,0
2022-10-17,16973.12,4381.2,0.56,147.11,0
2022-10-18,12238.32,5259.61,0.74,171.03,0
2022-10-19,18339.11,3102.84,0.56,111.43,0
2022-10-20,19345.41,5512.45,0.77,116.05,0
2022-10-21,12928.35,3957.37,0.64,122.83,0
2022-10-22,9266.99,3618.24,0.73,125.4,0
2022-10-23,18435.26,5822.46,0.63,112.82,0
2022-10-24,22565.3,5452.41,0.88,100.04,0
2022-10-25,17454.93,4667.95,0.62,136.02,0
2022-10-26,16561.91,4837.49,0.68,122.57,0
2022-10-27,18869.16,7925.24,0.56,145.32,0
2022-10-28,18677.69,4967.03,0.67,134.8,0
2022-10-29,13098.54,4958.54,0.56,143.36,0
2022-10-30,13692.97,5982.77,0.73,126.13,0
2022-10-31,18138.93,5304.65,0.56,137.63,0
2022-11-01,15495.95,6384.91,0.71,111.91,0
2022-11-02,20608.12,5532.94,0.79,134.05,0
2022-11-03,13534.8,6113.31,0.91,143.21,0
2022-11-04,18627.13,5732.0,0.77,148.9,0
2022-11-05,17199.23,5974.36,0.76,119.72,0
2022-11-06,15557.47,5148.82,0.57,135.81,0
2022-11-07,20115.69,5467.03,0.7,148.52,0
2022-11-08,18380.25,4874.76,0.71,97.0,0
2022-11-09,12482.61,5925.0,0.68,118.58,0
2022-11-10,18240.77,3584.75,0.91,135.53,0
2022-11-11,20812.47,6071.36,0.71,119.92,0
2022-11-12,15543.44,6397.63,0.63,113.23,0
2022-11-13,15129.7,6090.11,0.86,132.97,0
2022-11-14,13656.23,5075.08,0.88,116.64,0
2022-11-15,15952.39,5806.28,0.69,126.46,0
2022-11-16,18401.7,4268.11,0.88,97.26,0
2022-11-17,13138.16,6204.52,0.83,116.74,0
2022-11-18,11287.75,3880.94,0.59,130.25,0
2022-11-19,14684.88,5912.48,0.7,123.4,0
2022-11-20,11170.96,5839.19,0.89,124.4,0
2022-11-21,17831.26,5688.07,0.7,130.92,0
2022-11-22,14506.59,4663.5,0.9,144.9,0
2022-11-23,9856.09,6112.2,0.73,120.82,0
2022-11-24,14779.87,2995.28,0.78,124.8,0
2022-11-25,15325.85,6132.67,0.71,126.55,0
2022-11-26,17571.97,5429.73,0.8,116.6,0
2022-11-27,15491.23,6461.15,0.76,111.06,0
2022-11-28,22540.54,5440.06,0.89,140.4,1
2022-11-29,14184.54,7405.83,0.94,104.28,0
2022-11-30,15781.61,4069.82,0.67,135.9,0
2022-12-01,15639.81,5931.29,0.61,121.42,0
2022-12-02,15010.8,4136.79,0.68,119.08,0
2022-12-03,16498.49,5048.34,0.83,131.04,0
2022-12-04,17894.31,6090.85,0.63,133.76,0
2022-12-05,20690.35,5950.52,0.68,106.51,0
2022-12-06,10507.6,7695.45,0.92,124.55,0
2022-12-07,14213.8,4778.31,0.85,117.22,0
2022-12-08,14432.8,6743.2,0.93,111.84,0
2022-12-09,19282.48,4894.84,0.58,87.54,1
2022-12-10,14751.68,4358.92,0.74,140.47,0
2022-12-11,9366.89,3252.46,0.91,141.18,0
2022-12-12,16307.06,5395.2,0.73,104.18,0
2022-12-13,15882.09,4574.43,0.83,123.23,0
2022-12-14,16629.13,6217.02,0.62,103.11,0
2022-12-15,12359.43,4565.92,0.65,118.72,1
2022-12-16,22016.62,4628.08,0.72,113.64,0
2022-12-17,14866.49,5625.59,0.68,149.42,0
2022-12-18,15340.96,7265.46,0.81,100.44,0
2022-12-19,12849.97,3893.62,0.88,92.92,0
2022-12-20,12741.49,6421.14,0.69,118.75,0
2022-12-21,11720.42,6248.93,0.86,119.83,1
2022-12-22,14623.41,4934.86,0.66,160.42,0
2022-12-23,12648.46,6010.5,0.71,111.37,0
2022-12-24,23197.64,4858.87,0.56,151.6,0
2022-12-25,9390.28,8045.67,0.61,134.13,0
2022-12-26,12050.84,5065.49,0.59,154.8,0
2022-12-27,14595.05,5296.5,0.78,130.04,1
2022-12-28,18357.22,4809.05,0.8,96.02,0
2022-12-29,14551.85,3167.86,0.57,108.36,0
2022-12-30,18365.87,4884.22,0.77,134.87,0
2022-12-31,12546.19,5478.44,0.85,109.11,0
2023-01-01,16207.52,7001.11,0.75,168.08,0
2023-01-02,22104.14,5790.35,0.73,92.12,0
2023-01-03,12612.89,4972.74,0.8,113.72,0
2023-01-04,17468.49,5271.93,0.7,133.51,0
2023-01-05,16724.25,5592.81,0.79,125.4,0
2023-01-06,9000.0,4745.24,0.92,116.54,0
2023-01-07,13938.6,6018.68,0.89,151.1,0
2023-01-08,19959.03,7150.11,0.85,126.39,0
2023-01-09,16472.77,4764.22,0.9,144.41,0
2023-01-10,11757.06,6649.04,0.67,117.48,0
2023-01-11,18417.72,6251.59,0.85,143.78,0
2023-01-12,14323.07,5844.69,0.67,129.22,0
2023-01-13,17260.18,5334.31,0.76,95.85,0
2023-01-14,17319.22,5605.34,0.75,103.2,1
2023-01-15,12084.57,4939.13,0.57,145.34,0
2023-01-16,18764.4,7404.24,0.78,125.05,0
2023-01-17,12473.72,4337.92,0.75,145.62,0
2023-01-18,11429.75,6561.93,0.76,138.11,0
2023-01-19,12910.1,7059.67,0.56,104.87,0
2023-01-20,14788.68,4812.24,0.7,103.59,0
2023-01-21,16382.91,6599.02,0.72,123.17,0
2023-01-22,13295.96,5372.78,0.84,128.05,0
2023-01-23,18606.87,5274.83,0.84,112.48,0
2023-01-24,16880.12,5110.52,0.7,134.2,1
2023-01-25,13568.21,3263.52,0.71,121.14,0
2023-01-26,19111.48,5857.51,0.83,111.38,1
2023-01-27,20063.74,6932.26,0.72,129.59,0
2023-01-28,15654.6,4354.34,0.79,113.43,0
2023-01-29,15247.56,6216.81,0.66,98.89,0
2023-01-30,9791.8,5097.75,0.57,153.3,0
2023-01-31,14573.71,3888.77,0.83,89.58,0
2023-02-01,14979.73,6397.47,0.82,95.16,0
2023-02-02,16858.83,7223.24,0.58,139.93,0
2023-02-03,15410.51,4246.9,0.56,129.74,0
2023-02-04,16854.09,5458.96,0.55,114.79,0
2023-02-05,21369.32,3472.32,0.6,159.93,0
2023-02-06,14145.3,5149.59,0.63,117.9,0
2023-02-07,14281.6,5783.28,0.89,122.98,0
2023-02-08,11417.92,7303.49,0.72,125.28,0
2023-02-09,15969.69,7069.09,0.81,136.02,0
2023-02-10,19418.85,7171.0,0.94,137.43,0
2023-02-11,9871.25,4567.49,0.73,149.52,0
2023-02-12,13669.5,4905.8,0.87,116.58,0
2023-02-13,16125.79,3202.83,0.7,124.17,1
2023-02-14,18975.36,4341.81,0.85,119.61,0
2023-02-15,17340.05,3457.8,0.66,101.08,0
2023-02-16,17139.12,5638.64,0.91,119.07,0
2023-02-17,15214.91,4363.61,0.57,130.99,0
2023-02-18,17686.56,3878.29,0.73,127.06,0
2023-02-19,19550.06,4773.5,0.95,150.71,1
2023-02-20,10018.53,3778.15,0.61,128.58,0
2023-02-21,18549.87,5570.82,0.59,107.17,0
2023-02-22,15654.34,5541.34,0.68,115.72,0
2023-02-23,14145.04,4821.14,0.6,110.3,0
2023-02-24,9000.0,4323.19,0.82,114.19,1
2023-02-25,11168.77,3592.67,0.8,123.41,0
2023-02-26,21943.21,5866.43,0.76,138.72,0
2023-02-27,13590.08,5474.46,0.94,140.55,0
2023-02-28,12203.31,5757.18,0.68,108.57,0
2023-03-01,14402.51,4832.28,0.73,132.57,1
2023-03-02,13391.98,4938.49,0.74,123.77,0
2023-03-03,16435.26,6930.4,0.83,118.68,1
2023-03-04,21309.41,4479.3,0.64,112.98,0
2023-03-05,13946.84,4824.83,0.85,111.76,1
2023-03-06,16540.02,6092.67,0.62,115.43,0
2023-03-07,11984.67,5563.49,0.94,143.78,1
2023-03-08,21320.58,2744.05,0.93,141.93,0
2023-03-09,16661.65,3174.54,0.71,139.94,0
2023-03-10,12213.63,4407.0,0.9,84.06,1
2023-03-11,19165.07,6292.36,0.71,147.38,0
2023-03-12,20199.96,6006.01,0.77,130.47,0
2023-03-13,16565.1,5823.43,0.85,140.59,0
2023-03-14,10262.11,5953.29,0.85,121.92,0
2023-03-15,22248.09,4037.27,0.9,128.33,1
2023-03-16,17085.43,5921.26,0.73,149.02,0
2023-03-17,20096.59,4094.46,0.79,143.24,1
2023-03-18,14071.87,6336.76,0.78,108.31,1
2023-03-19,14604.82,4587.32,0.75,110.69,0
2023-03-20,16386.59,5537.95,0.83,133.08,0
2023-03-21,19896.91,2950.6,0.65,128.56,0
2023-03-22,16500.47,3581.33,0.58,109.0,0
2023-03-23,11601.08,6508.81,0.76,123.95,0
2023-03-24,16916.96,6030.09,0.72,112.73,1
2023-03-25,21703.37,3738.48,0.76,135.51,0
2023-03-26,16230.32,6742.71,0.8,165.94,1
2023-03-27,16452.85,3891.06,0.7,108.66,0
2023-03-28,11581.1,5223.95,0.67,132.97,0
2023-03-29,11089.54,4623.88,0.82,132.58,0
2023-03-30,13768.08,4091.9,0.71,121.39,0
2023-03-31,14857.19,6601.53,0.88,118.22,0
2023-04-01,16364.21,7221.98,0.85,118.79,0
2023-04-02,16580.85,5413.93,0.91,98.65,0
2023-04-03,21606.68,7031.2,0.59,89.44,0
2023-04-04,16205.41,4862.54,0.61,109.48,0
2023-04-05,19725.48,5329.97,0.79,114.13,0
2023-04-06,15862.35,5357.79,0.83,138.44,0
2023-04-07,21071.16,3811.95,0.63,105.18,0
2023-04-08,9453.61,5799.35,0.56,115.58,0
2023-04-09,13904.44,6051.63,0.89,144.31,0
2023-04-10,19440.62,4991.83,0.86,139.32,0
2023-04-11,15399.41,3169.9,0.92,133.61,0
2023-04-12,19260.35,5641.25,0.67,144.88,1
2023-04-13,17347.73,3381.98,0.75,172.79,0
2023-04-14,19310.57,4226.48,0.84,123.2,0
2023-04-15,18145.74,5357.71,0.8,135.99,0
2023-04-16,18357.77,4276.41,0.55,122.68,0
2023-04-17,21223.59,5504.41,0.75,121.7,0
2023-04-18,19452.66,4928.55,0.94,108.83,0
2023-04-19,19478.32,3243.4,0.64,155.45,0
2023-04-20,16071.47,5401.57,0.73,128.47,0
2023-04-21,13963.52,5903.9,0.87,152.61,0
2023-04-22,13691.54,6414.88,0.66,131.91,0
2023-04-23,18628.31,4760.12,0.71,109.42,0
2023-04-24,9000.0,5126.22,0.83,125.32,0
2023-04-25,11424.88,3405.87,0.73,136.66,0
2023-04-26,12628.61,7557.87,0.93,128.93,0
2023-04-27,15133.33,7006.01,0.89,92.31,0
2023-04-28,9000.0,5161.8,0.67,125.31,0
2023-04-29,20405.52,5050.19,0.55,118.02,0
2023-04-30,18100.61,2000.0,0.76,117.55,0
2023-05-01,22946.04,6442.32,0.89,100.36,0
2023-05-02,19717.75,5875.43,0.91,159.0,0
2023-05-03,19606.33,6175.37,0.6,142.7,0
2023-05-04,23877.37,4713.7,0.91,110.11,0
2023-05-05,14001.65,4636.69,0.75,120.98,0
2023-05-06,10737.9,3717.5,0.94,148.25,0
2023-05-07,15186.75,6133.61,0.87,95.74,0
2023-05-08,13112.53,6702.58,0.62,153.38,1
2023-05-09,15101.04,6548.66,0.76,131.54,0
2023-05-10,12324.23,5424.71,0.9,133.55,0
2023-05-11,17987.58,4808.02,0.88,122.11,1
2023-05-12,17795.44,3937.64,0.94,132.94,0
2023-05-13,15905.77,4357.9,0.88,160.24,1
2023-05-14,17090.54,5761.06,0.95,126.98,0
2023-05-15,15502.82,4858.54,0.76,112.64,0
2023-05-16,18632.12,7169.69,0.79,115.59,0
2023-05-17,16243.74,6582.83,0.58,143.8,0
2023-05-18,15070.94,4477.83,0.71,130.01,0
2023-05-19,19253.55,3741.21,0.68,129.25,0
2023-05-20,20412.87,4541.9,0.92,115.12,0
2023-05-21,20681.09,6478.46,0.68,150.43,0
2023-05-22,12534.04,4571.29,0.9,127.35,0
2023-05-23,14129.43,5855.19,0.65,110.48,0
2023-05-24,10044.76,4520.94,0.78,93.5,0
2023-05-25,15165.02,5611.8,0.76,102.96,0
2023-05-26,17456.43,5833.77,0.59,132.34,0
2023-05-27,15535.2,6383.0,0.68,109.15,0
2023-05-28,22757.98,6919.89,0.94,88.44,0
2023-05-29,14579.55,6772.27,0.79,109.86,0
2023-05-30,12190.22,4563.79,0.88,122.34,0
2023-05-31,17989.76,5023.58,0.84,135.66,0
2023-06-01,16524.77,3791.77,0.91,79.41,0
2023-06-02,17923.75,4917.18,0.69,124.08,0
2023-06-03,17063.26,5229.18,0.64,141.2,0
2023-06-04,16853.18,4715.25,0.58,109.38,0
2023-06-05,9000.0,4595.7,0.89,114.61,0
2023-06-06,13458.6,6438.5,0.76,128.62,0
2023-06-07,13933.86,6288.98,0.84,107.14,0
2023-06-08,14782.12,5678.95,0.58,108.54,0
2023-06-09,14430.63,3666.99,0.89,122.91,0
2023-06-10,17444.87,5441.12,0.78,128.19,0
2023-06-11,18103.09,4738.92,0.6,135.35,0
2023-06-12,12039.26,6778.87,0.75,125.29,1
2023-06-13,18403.82,3037.25,0.79,125.05,0
2023-06-14,18050.19,4529.41,0.69,129.49,0
2023-06-15,17630.2,4496.02,0.83,109.27,0
2023-06-16,11037.37,4640.11,0.78,87.24,0
2023-06-17,17542.04,6349.09,0.89,108.77,0
2023-06-18,16289.08,2377.17,0.9,116.24,0
2023-06-19,19363.08,4950.34,0.57,110.27,1
2023-06-20,22245.25,6220.86,0.81,104.52,0
2023-06-21,21558.24,6376.14,0.84,144.13,1
2023-06-22,16394.25,4541.11,0.61,110.04,0
2023-06-23,15993.44,4384.27,0.9,118.39,0
2023-06-24,18211.82,5615.46,0.89,135.35,0
2023-06-25,12097.36,5381.24,0.61,132.91,0
2023-06-26,10922.61,5283.28,0.9,111.89,0
2023-06-27,14346.14,2000.0,0.81,109.01,1
2023-06-28,20271.99,3847.39,0.86,123.79,0
2023-06-29,14841.05,4164.13,0.87,112.53,0
2023-06-30,21259.03,5971.61,0.61,122.64,0
2023-07-01,9000.0,3471.09,0.58,109.49,0
2023-07-02,10444.78,3944.05,0.8,132.48,0
2023-07-03,15567.09,5014.74,0.68,99.56,0
2023-07-04,19108.68,3654.89,0.65,121.16,0
2023-07-05,15756.32,5971.42,0.6,130.25,0
2023-07-06,15665.22,4730.32,0.89,130.27,0
2023-07-07,15573.9,7399.49,0.78,168.52,0
2023-07-08,9829.86,4444.34,0.88,120.87,0
2023-07-09,20053.24,4508.46,0.77,127.59,0
2023-07-10,13610.32,6165.33,0.57,123.32,0
2023-07-11,19813.36,4413.6,0.64,159.29,0
2023-07-12,15753.17,7013.88,0.88,143.13,0
2023-07-13,19738.56,5779.5,0.63,159.77,0
2023-07-14,17201.4,4835.34,0.91,114.64,0
2023-07-15,15626.64,5007.04,0.68,127.98,0
2023-07-16,16791.92,8620.85,0.72,125.92,0
2023-07-17,10844.58,5786.39,0.81,104.27,0
2023-07-18,16021.1,5380.57,0.87,131.19,0
2023-07-19,22006.14,5040.91,0.86,107.21,0
2023-07-20,20578.68,6444.59,0.88,143.97,0
2023-07-21,12552.42,3378.01,0.75,121.24,0
2023-07-22,17769.9,4982.57,0.68,97.63,0
2023-07-23,16867.93,2000.0,0.64,114.92,0
2023-07-24,18860.16,4559.91,0.93,125.85,0
2023-07-25,16329.54,6217.51,0.78,156.43,1
2023-07-26,15182.74,6858.68,0.94,140.62,0
2023-07-27,20657.21,5927.16,0.75,126.67,0
2023-07-28,16757.39,5967.96,0.7,140.77,0
2023-07-29,20394.13,3140.92,0.79,128.09,0
2023-07-30,19410.35,4385.95,0.95,108.98,0
2023-07-31,14864.29,6969.29,0.9,132.43,0
2023-08-01,15415.5,4571.37,0.71,140.49,0
2023-08-02,22754.41,5036.82,0.57,179.91,0
2023-08-03,16670.19,4233.33,0.71,130.34,0
2023-08-04,13344.8,4079.5,0.85,116.33,0
2023-08-05,11799.85,4635.68,0.55,141.75,0
2023-08-06,19409.46,4406.73,0.88,137.42,0
2023-08-07,16561.03,6349.0,0.65,153.46,0
2023-08-08,13227.68,5458.44,0.7,138.51,1
2023-08-09,18361.05,6422.66,0.92,94.23,0
2023-08-10,16559.12,3535.31,0.7,123.91,0
2023-08-11,10188.34,6670.54,0.74,148.19,0
2023-08-12,18060.4,5225.75,0.73,155.78,0
2023-08-13,20666.17,7407.22,0.7,110.04,0
2023-08-14,24959.48,5136.67,0.58,121.11,0
2023-08-15,16122.16,3407.92,0.72,136.79,0
2023-08-16,16814.27,6741.06,0.75,117.64,0
2023-08-17,21623.09,5036.21,0.64,120.37,0
2023-08-18,16590.53,2617.46,0.88,141.38,0
2023-08-19,16963.7,5374.23,0.75,143.25,0
2023-08-20,13792.84,5477.47,0.65,145.56,0
2023-08-21,11119.69,6491.34,0.59,134.09,0
2023-08-22,19194.41,2000.0,0.78,106.83,0
2023-08-23,11542.5,6578.64,0.74,122.53,0
2023-08-24,19992.3,4630.48,0.84,107.26,0
2023-08-25,13241.42,7511.5,0.95,115.86,0
2023-08-26,16928.32,3138.06,0.63,135.35,0
2023-08-27,14697.05,5854.41,0.84,127.99,0
2023-08-28,20111.1,5694.06,0.72,164.78,0
2023-08-29,17052.96,4693.46,0.71,129.74,0
2023-08-30,22856.83,4271.43,0.67,132.36,0
2023-08-31,12207.13,4751.51,0.69,124.5,0
2023-09-01,17448.52,4783.94,0.6,138.88,0
2023-09-02,16165.7,3695.87,0.73,154.99,0
2023-09-03,16979.8,6391.59,0.79,128.05,0
2023-09-04,21585.72,3889.36,0.66,152.43,0
2023-09-05,18048.61,6427.83,0.73,123.23,0
2023-09-06,11983.66,3053.28,0.74,144.38,0
2023-09-07,17867.29,4987.37,0.81,123.58,0
2023-09-08,14545.33,5005.23,0.78,123.14,0
2023-09-09,14343.26,5181.05,0.93,88.6,0
2023-09-10,19660.5,6347.56,0.76,92.58,0
2023-09-11,13891.81,4957.18,0.79,122.82,0
2023-09-12,14670.94,4650.48,0.76,138.56,1
2023-09-13,16113.43,4960.81,0.69,124.23,0
2023-09-14,19311.65,6377.21,0.61,109.81,0
2023-09-15,18035.56,3753.27,0.56,107.72,0
2023-09-16,15179.55,3975.2,0.64,138.55,0
2023-09-17,15047.38,2851.96,0.77,106.6,0
2023-09-18,11939.55,7632.7,0.56,140.04,0
2023-09-19,13340.58,3808.31,0.68,137.54,0
2023-09-20,13709.67,2937.48,0.57,151.96,0
2023-09-21,15477.48,4229.32,0.82,169.3,0
2023-09-22,22953.67,4465.05,0.76,120.48,0
2023-09-23,13635.86,6958.55,0.91,122.94,0
2023-09-24,14964.6,4642.12,0.8,151.02,0
2023-09-25,9000.0,5550.12,0.83,124.18,0
2023-09-26,18102.0,3051.06,0.9,96.89,0
2023-09-27,10478.93,5449.58,0.91,111.18,0
2023-09-28,12826.94,3221.44,0.7,131.97,0
2023-09-29,19648.17,4823.69,0.78,103.17,1
2023-09-30,9000.0,4288.15,0.71,161.34,0
2023-10-01,16335.72,5269.93,0.78,148.42,0
2023-10-02,18803.25,5961.29,0.93,108.25,0
2023-10-03,21339.05,3596.92,0.95,109.68,1
2023-10-04,12779.67,3836.3,0.74,127.46,0
2023-10-05,13815.91,5432.31,0.58,117.36,1
2023-10-06,22315.53,6024.74,0.93,123.15,0
2023-10-07,15912.29,6900.85,0.6,137.25,0
2023-10-08,13423.08,4633.73,0.56,121.48,0
2023-10-09,13488.8,3410.23,0.83,150.69,0
2023-10-10,12596.05,5423.95,0.89,140.6,0
2023-10-11,14461.15,4246.43,0.8,143.4,0
2023-10-12,19808.77,4090.7,0.79,104.24,0
2023-10-13,19107.18,6889.81,0.68,99.21,0
2023-10-14,11890.05,5942.46,0.8,124.67,0
2023-10-15,16751.05,4326.31,0.88,157.24,1
2023-10-16,14592.44,5177.55,0.68,146.88,0
2023-10-17,18738.54,5097.19,0.73,138.41,1
2023-10-18,15452.74,5398.11,0.81,147.44,0
2023-10-19,17300.34,4712.87,0.86,105.04,0
2023-10-20,15444.88,2919.92,0.81,99.07,0
2023-10-21,9000.0,4028.38,0.61,148.41,1
2023-10-22,16164.51,4561.6,0.76,114.07,1
2023-10-23,11548.89,5233.73,0.72,110.57,0
2023-10-24,18614.95,3901.25,0.81,135.96,0
2023-10-25,13620.6,5423.54,0.81,120.54,0
2023-10-26,13882.46,4742.47,0.59,122.81,0
2023-10-27,15968.84,4288.63,0.61,131.15,1
2023-10-28,18022.28,3675.67,0.59,128.15,0
2023-10-29,15405.9,5735.79,0.59,95.72,0
2023-10-30,21747.64,5709.09,0.76,116.56,0
2023-10-31,21770.86,6160.27,0.55,138.04,0
2023-11-01,22004.14,5859.15,0.86,112.64,0
2023-11-02,15179.88,5948.96,0.78,119.21,0
2023-11-03,10813.15,5658.49,0.84,119.77,0
2023-11-04,20270.27,3089.91,0.74,79.07,0
2023-11-05,14542.79,4865.06,0.91,126.83,0
2023-11-06,16133.58,3481.14,0.88,114.0,0
2023-11-07,18199.12,6843.05,0.75,135.54,0
2023-11-08,10384.47,5183.18,0.65,129.67,0
2023-11-09,21701.92,6723.71,0.6,110.69,0
2023-11-10,19062.37,3963.61,0.89,133.41,0
2023-11-11,17232.95,5089.76,0.82,116.26,0
2023-11-12,19118.21,5516.05,0.66,112.63,0
2023-11-13,17949.33,4802.92,0.84,98.69,0
2023-11-14,16408.9,5425.35,0.67,132.9,1
2023-11-15,14922.79,6978.6,0.65,122.27,1
2023-11-16,13413.0,3961.7,0.85,115.72,0
2023-11-17,17005.25,2034.49,0.85,96.82,0
2023-11-18,17264.21,7120.75,0.88,144.79,0
2023-11-19,19791.2,4250.01,0.89,119.92,0
2023-11-20,16702.31,6547.0,0.77,131.13,0
2023-11-21,13013.79,5982.3,0.65,130.5,0
2023-11-22,10483.19,4939.98,0.79,100.29,0
2023-11-23,15553.53,5656.41,0.67,137.37,0
2023-11-24,15903.9,3831.36,0.87,120.41,0
2023-11-25,15656.68,5303.08,0.6,121.35,0
2023-11-26,10643.2,5912.85,0.68,90.07,0
2023-11-27,19760.63,4270.8,0.57,147.08,0
2023-11-28,19754.2,4743.65,0.73,126.85,0
2023-11-29,13118.5,5575.11,0.61,121.12,1
2023-11-30,18820.94,6787.93,0.94,112.5,0
2023-12-01,19334.91,5196.21,0.69,123.95,0
2023-12-02,16134.56,4683.21,0.87,136.49,0
2023-12-03,12680.25,5024.3,0.88,123.52,0
2023-12-04,21646.84,6592.21,0.59,133.49,0
2023-12-05,17333.23,4430.19,0.82,105.31,1
2023-12-06,15121.37,4839.72,0.69,92.02,0
2023-12-07,18704.96,4441.29,0.67,110.97,0
2023-12-08,21677.73,4954.82,0.85,118.53,0
2023-12-09,14259.94,5456.43,0.65,106.3,0
2023-12-10,18419.98,6440.65,0.67,123.69,0
2023-12-11,22801.06,2650.51,0.85,120.16,0
2023-12-12,12092.02,5866.59,0.69,91.06,0
2023-12-13,14077.61,4130.09,0.71,138.3,0
2023-12-14,13907.51,5911.68,0.85,120.92,0
2023-12-15,15445.86,6687.56,0.61,104.23,1
2023-12-16,15265.09,6394.71,0.83,97.65,0
2023-12-17,17052.78,5389.55,0.68,166.02,0
2023-12-18,13128.69,6201.4,0.89,116.15,0
2023-12-19,13820.68,4067.94,0.8,86.64,0
2023-12-20,17054.52,5118.6,0.55,98.77,0
2023-12-21,16542.19,7023.37,0.6,126.44,0
2023-12-22,19059.28,4252.89,0.85,111.68,0
2023-12-23,17432.74,5436.72,0.64,120.56,0
2023-12-24,18701.46,4756.99,0.56,124.2,0
2023-12-25,11999.67,4965.87,0.85,124.39,0
2023-12-26,14658.04,5687.29,0.82,124.29,0
2023-12-27,22469.33,4876.58,0.64,121.79,0
2023-12-28,17372.27,5195.91,0.8,154.06,0
2023-12-29,18615.88,4594.5,0.8,118.55,0
2023-12-30,16954.57,3009.97,0.93,144.92,1
2023-12-31,17488.68,5431.71,0.59,128.73,0
2024-01-01,15191.84,5727.36,0.62,142.18,0
2024-01-02,28500.53,6858.61,0.67,135.06,0
2024-01-03,14613.45,5041.76,0.86,145.48,0
2024-01-04,15865.88,3526.35,0.74,170.73,0
2024-01-05,9000.0,4295.19,0.7,123.51,0
2024-01-06,19871.93,5848.47,0.7,133.0,0
2024-01-07,14067.11,5098.56,0.75,159.14,0
2024-01-08,15787.22,5535.15,0.68,129.28,0
2024-01-09,14151.86,4776.3,0.82,77.42,0
2024-01-10,15514.61,7443.77,0.56,116.92,0
2024-01-11,15005.14,7273.59,0.79,118.54,0
2024-01-12,15849.35,4082.09,0.69,127.4,0
2024-01-13,15815.19,6290.84,0.74,113.4,0
2024-01-14,15460.28,5564.87,0.85,166.71,0
2024-01-15,15412.43,5216.27,0.56,164.31,0
2024-01-16,20579.81,4168.37,0.64,95.68,0
2024-01-17,19084.96,7145.84,0.75,108.35,0
2024-01-18,19106.05,6598.31,0.8,144.05,0
2024-01-19,13436.43,3451.48,0.62,110.34,0
2024-01-20,20398.87,6860.19,0.63,117.59,0
2024-01-21,19960.76,5153.95,0.8,110.81,0
2024-01-22,14063.08,4482.65,0.84,150.35,0
2024-01-23,21333.48,4028.11,0.73,123.7,0
2024-01-24,13608.71,6333.78,0.73,147.59,1
2024-01-25,9552.89,5679.87,0.71,114.59,0
2024-01-26,19855.34,4151.02,0.65,139.35,1
2024-01-27,15581.68,4226.68,0.94,120.25,0
2024-01-28,19419.23,4734.97,0.8,128.46,0
2024-01-29,13360.29,4584.99,0.69,117.28,0
2024-01-30,11583.8,5833.34,0.65,120.33,0
2024-01-31,20311.55,5654.48,0.65,123.36,0
2024-02-01,11074.56,4437.22,0.68,129.5,0
2024-02-02,10536.39,3210.99,0.77,139.1,0
2024-02-03,9260.45,3599.2,0.78,107.86,0
2024-02-04,9000.0,6244.07,0.81,101.21,0
2024-02-05,12363.13,4006.23,0.56,147.7,0
2024-02-06,9000.0,5333.36,0.78,161.73,0
2024-02-07,15875.38,3084.21,0.78,142.31,0
2024-02-08,9000.0,5676.47,0.92,148.56,0
2024-02-09,12170.04,7503.43,0.64,118.31,0
2024-02-10,24162.22,3606.32,0.57,136.09,0
2024-02-11,17207.93,5859.64,0.93,132.81,0
2024-02-12,16184.82,5526.95,0.78,128.15,0
2024-02-13,10327.37,6301.46,0.59,109.71,0
2024-02-14,15140.41,5042.51,0.68,95.85,0
2024-02-15,16168.38,5527.39,0.71,147.38,0
2024-02-16,10381.87,5418.37,0.86,139.06,0
2024-02-17,16441.63,5887.41,0.66,113.14,0
2024-02-18,20169.31,4193.06,0.93,131.36,1
2024-02-19,14781.1,5430.94,0.78,116.79,0
2024-02-20,15309.67,6172.39,0.59,141.75,0
2024-02-21,9000.0,6601.59,0.75,134.54,0
2024-02-22,11102.68,5794.87,0.78,152.9,1
2024-02-23,19701.93,3841.65,0.93,127.34,0
2024-02-24,13684.57,3335.71,0.91,123.53,0
2024-02-25,12746.01,5690.35,0.93,125.77,0
2024-02-26,13575.96,3986.03,0.81,175.39,0
2024-02-27,15798.87,6213.2,0.81,137.41,0
2024-02-28,11945.54,4854.66,0.82,127.02,0
2024-02-29,16442.81,6413.94,0.57,141.3,0
2024-03-01,11239.97,7750.98,0.66,120.8,1
2024-03-02,18709.0,5125.21,0.65,131.45,0
2024-03-03,12300.3,5060.8,0.86,143.32,0
2024-03-04,20620.94,6416.19,0.62,78.47,0
2024-03-05,15964.89,6476.69,0.85,101.22,0
2024-03-06,13040.24,7241.93,0.72,102.63,0
2024-03-07,19190.11,5435.88,0.66,118.93,0
2024-03-08,11189.26,4440.56,0.91,118.72,0
2024-03-09,14085.27,5209.26,0.67,133.22,0
2024-03-10,15999.74,4451.64,0.86,137.1,1
2024-03-11,15575.92,5487.77,0.85,151.54,0
2024-03-12,9000.0,4158.11,0.7,119.29,0
2024-03-13,12777.74,6282.41,0.68,117.94,0
2024-03-14,16588.82,6036.99,0.55,116.49,0
2024-03-15,11380.38,5366.84,0.74,108.92,0
2024-03-16,20432.5,5230.69,0.62,128.61,1
2024-03-17,17733.13,4964.27,0.55,103.06,0
2024-03-18,14200.16,6774.71,0.8,145.79,0
2024-03-19,15228.98,6624.9,0.6,129.81,0
2024-03-20,22515.47,5374.86,0.67,139.75,1
2024-03-21,19275.96,4172.02,0.84,154.18,0
2024-03-22,17330.77,3787.78,0.85,84.2,0
2024-03-23,11045.68,5545.14,0.93,122.6,0
2024-03-24,21703.64,4434.33,0.91,114.24,0
2024-03-25,19683.4,5771.12,0.76,133.34,1
2024-03-26,15480.58,4735.97,0.93,140.17,0
2024-03-27,14076.06,6128.51,0.69,132.77,0
2024-03-28,15342.34,5448.9,0.77,127.46,0
2024-03-29,11793.22,6397.66,0.77,121.98,0
2024-03-30,14352.25,2519.31,0.56,141.71,0
2024-03-31,18671.06,4927.54,0.56,125.53,0
2024-04-01,9673.33,7860.15,0.65,155.56,0
2024-04-02,14900.74,2196.21,0.92,115.86,0
2024-04-03,16398.15,6211.18,0.91,157.91,0
2024-04-04,16362.49,5701.6,0.8,103.74,0
2024-04-05,11873.72,6742.84,0.58,129.93,0
2024-04-06,11862.46,4991.69,0.93,126.45,0
2024-04-07,19812.08,6628.43,0.58,112.36,0
2024-04-08,11714.15,6660.29,0.75,100.63,0
2024-04-09,19530.28,5436.14,0.8,141.76,0
2024-04-10,14311.72,3803.19,0.83,125.02,0
2024-04-11,19779.29,6295.61,0.92,142.21,1
2024-04-12,14526.23,4031.88,0.69,157.13,0
2024-04-13,11917.35,5035.15,0.7,137.19,1
2024-04-14,18997.94,6336.29,0.77,142.34,0
2024-04-15,15939.13,6510.48,0.65,118.19,0
2024-04-16,21070.02,4782.45,0.77,150.73,0
2024-04-17,19122.7,5952.38,0.69,152.58,0
2024-04-18,15197.01,3348.96,0.92,135.29,0
2024-04-19,14426.16,4633.14,0.67,121.09,0
2024-04-20,16081.8,6962.7,0.8,125.98,0
2024-04-21,16665.74,6812.07,0.7,127.81,0
2024-04-22,12913.88,6003.06,0.94,133.42,0
2024-04-23,18946.79,5029.8,0.91,124.9,0
2024-04-24,14609.23,6216.71,0.68,119.85,0
2024-04-25,14519.4,5172.13,0.55,122.0,0
2024-04-26,14107.59,5401.87,0.67,125.11,0
2024-04-27,16808.56,5306.06,0.75,147.11,0
2024-04-28,13577.82,4269.38,0.68,108.3,0
2024-04-29,16472.4,6071.11,0.81,90.17,1
2024-04-30,25683.11,3916.06,0.68,97.72,0
2024-05-01,15812.37,6131.01,0.68,129.1,0
2024-05-02,14480.98,4047.28,0.91,130.06,0
2024-05-03,10163.09,4333.51,0.67,146.15,0
2024-05-04,16175.78,2000.0,0.79,169.75,1
2024-05-05,12117.69,5012.7,0.76,122.11,1
2024-05-06,14685.55,5427.03,0.65,144.13,0
2024-05-07,16530.63,6192.49,0.61,114.61,0
2024-05-08,9941.54,6773.05,0.69,144.91,0
2024-05-09,16551.12,3411.74,0.68,130.18,0
2024-05-10,17065.8,6381.79,0.69,103.55,0
2024-05-11,11460.15,4643.16,0.88,130.94,1
2024-05-12,14626.92,5113.53,0.76,134.47,0
2024-05-13,9592.67,5073.68,0.94,132.03,0
2024-05-14,21514.25,4660.58,0.67,120.11,0
2024-05-15,17156.97,4132.11,0.65,151.62,0
2024-05-16,15371.44,5535.06,0.57,145.62,0
2024-05-17,15427.97,6173.37,0.9,137.49,0
2024-05-18,19960.05,3688.27,0.74,112.57,1
2024-05-19,15670.42,5176.65,0.67,118.03,0
2024-05-20,17157.86,4445.19,0.56,139.9,0
2024-05-21,21315.2,6515.11,0.8,155.81,0
2024-05-22,14788.41,5792.3,0.67,143.68,0
2024-05-23,12175.78,7010.45,0.81,121.84,0
2024-05-24,13114.25,3341.48,0.59,127.98,0
2024-05-25,21000.32,6441.04,0.76,147.37,0
2024-05-26,16320.0,5395.2,0.6,101.77,0
2024-05-27,14241.84,4329.79,0.81,99.86,0
2024-05-28,19407.76,5787.04,0.84,144.04,0
2024-05-29,19492.85,7079.24,0.87,127.61,0
2024-05-30,14335.23,7125.54,0.87,108.21,0
2024-05-31,12598.22,6186.66,0.9,121.73,0
2024-06-01,10503.15,4010.07,0.89,118.83,0
2024-06-02,9721.39,5571.84,0.87,134.21,0
2024-06-03,15072.55,5610.91,0.65,122.89,0
2024-06-04,12873.81,6690.42,0.9,132.98,0
2024-06-05,22504.66,5002.15,0.74,153.66,1
2024-06-06,16204.88,5218.69,0.6,128.6,0
2024-06-07,9202.48,4415.79,0.87,123.24,0
2024-06-08,20965.55,6001.7,0.87,115.91,1
2024-06-09,16565.99,4941.51,0.73,116.58,0
2024-06-10,18467.43,5423.17,0.84,123.2,1
2024-06-11,18387.12,4636.54,0.59,143.51,0
2024-06-12,17037.95,5256.69,0.6,139.33,0
2024-06-13,17831.7,3903.5,0.71,98.5,0
2024-06-14,16835.66,5393.07,0.64,158.84,1
2024-06-15,12127.65,4476.91,0.9,115.21,0
2024-06-16,17283.56,6039.19,0.9,115.27,0
2024-06-17,19583.67,7416.94,0.61,122.0,0
2024-06-18,15264.8,6214.84,0.67,162.12,1
2024-06-19,17929.56,3856.09,0.73,136.58,1
2024-06-20,17468.56,4768.84,0.6,129.21,0
2024-06-21,22354.78,3268.37,0.6,114.56,0
2024-06-22,15115.37,5216.28,0.74,128.28,0
2024-06-23,14977.99,3070.93,0.79,166.07,0
2024-06-24,15590.74,3758.35,0.62,140.74,1
2024-06-25,15641.63,6515.51,0.61,117.06,0
2024-06-26,9000.0,6233.24,0.83,118.85,0
2024-06-27,13750.87,3375.56,0.92,135.92,0
2024-06-28,17049.6,4663.07,0.55,142.36,1
2024-06-29,15971.1,5756.18,0.86,104.35,1
2024-06-30,13202.31,5670.99,0.55,132.04,0
2024-07-01,13673.27,3247.4,0.93,138.02,0
2024-07-02,14755.35,5512.01,0.69,147.7,0
2024-07-03,13194.5,4470.58,0.86,103.32,0
2024-07-04,14204.32,6638.4,0.76,166.53,0
2024-07-05,14112.13,4959.78,0.7,117.7,0
2024-07-06,19133.8,5631.14,0.7,117.11,0
2024-07-07,19557.37,5069.06,0.82,116.0,0
2024-07-08,19267.55,5999.73,0.9,135.58,0
2024-07-09,17493.46,4278.32,0.87,108.32,0
2024-07-10,13520.87,6001.9,0.69,156.27,0
2024-07-11,19359.41,6650.76,0.85,116.73,0
2024-07-12,14900.12,7402.67,0.62,127.26,0
2024-07-13,16080.68,7100.55,0.55,104.84,1
2024-07-14,20683.77,4556.65,0.83,115.61,1
2024-07-15,16293.97,5892.58,0.58,88.76,0
2024-07-16,16865.49,6169.0,0.71,124.48,0
2024-07-17,11055.27,5908.05,0.88,123.14,0
2024-07-18,17704.53,6104.17,0.7,93.3,0
2024-07-19,12569.98,5708.73,0.57,121.67,0
2024-07-20,19541.79,4545.69,0.56,134.07,1
2024-07-21,15353.9,5448.53,0.91,149.38,0
2024-07-22,9000.0,6216.14,0.88,108.66,0
2024-07-23,14746.93,5753.93,0.81,92.28,0
2024-07-24,15201.88,3884.38,0.55,122.79,0
2024-07-25,17699.16,4146.86,0.86,157.3,0
2024-07-26,18346.79,4708.91,0.72,119.23,0
2024-07-27,14852.83,4954.22,0.58,116.52,0
2024-07-28,19545.04,5388.73,0.85,144.51,0
2024-07-29,9000.0,4027.49,0.83,118.17,0
2024-07-30,13501.04,6153.95,0.64,118.48,0
2024-07-31,12106.73,2970.92,0.68,112.74,0
2024-08-01,11610.36,5834.44,0.93,127.07,0
2024-08-02,19358.97,5807.84,0.6,124.68,0
2024-08-03,18902.1,5972.92,0.88,127.93,0
2024-08-04,13284.8,2000.0,0.81,126.85,0
2024-08-05,20123.2,3580.87,0.64,96.97,0
2024-08-06,16355.13,4776.76,0.78,136.68,0
2024-08-07,14524.11,5401.94,0.78,99.94,0
2024-08-08,13574.77,5102.33,0.57,119.59,0
2024-08-09,13276.05,4223.5,0.83,147.53,0
2024-08-10,17654.71,6739.65,0.57,135.72,0
2024-08-11,18275.54,5588.84,0.77,152.58,0
2024-08-12,16834.75,4726.29,0.57,116.36,0
2024-08-13,9000.0,4014.91,0.86,115.01,0
2024-08-14,17037.26,5281.86,0.94,146.16,0
2024-08-15,17978.89,6710.44,0.58,127.71,0
2024-08-16,13657.78,5242.22,0.9,162.39,1
2024-08-17,16151.38,5161.54,0.86,108.43,0
2024-08-18,9476.4,5279.54,0.71,138.2,0
2024-08-19,11695.11,5344.74,0.62,136.45,0
2024-08-20,14865.18,4920.18,0.85,146.44,1
2024-08-21,14915.87,4032.57,0.84,136.23,0
2024-08-22,17230.88,7034.82,0.82,137.79,0
2024-08-23,11845.76,5964.99,0.67,128.17,0
2024-08-24,14805.78,7740.56,0.73,142.77,0
2024-08-25,14285.77,5797.07,0.55,116.66,0
2024-08-26,17848.04,4922.45,0.69,141.81,0
2024-08-27,20973.65,4065.0,0.75,158.97,0
2024-08-28,22023.22,4804.01,0.65,112.58,0
2024-08-29,10510.46,3816.47,0.78,137.9,0
2024-08-30,15831.95,7717.41,0.66,132.96,0
2024-08-31,12106.15,5179.56,0.81,108.23,0
2024-09-01,15773.39,6143.27,0.78,127.03,0
2024-09-02,17480.22,6354.36,0.9,141.33,0
2024-09-03,16285.22,6497.1,0.63,138.91,0
2024-09-04,15828.46,8257.44,0.85,109.51,0
2024-09-05,21190.64,5085.51,0.9,130.09,0
2024-09-06,18523.46,4981.77,0.57,133.64,0
2024-09-07,15045.71,5397.38,0.72,141.65,1
2024-09-08,16084.74,6098.25,0.69,126.03,0
2024-09-09,19048.14,5414.65,0.56,114.98,0
2024-09-10,18134.27,4877.38,0.86,145.2,0
2024-09-11,14512.23,4340.88,0.9,105.71,0
2024-09-12,9786.65,4270.78,0.86,113.58,0
2024-09-13,11853.7,5523.37,0.84,138.9,0
2024-09-14,16510.93,4001.35,0.69,130.99,0
2024-09-15,9747.16,3023.16,0.65,127.73,0
2024-09-16,15466.62,5338.29,0.75,110.6,0
2024-09-17,14412.51,6595.16,0.59,141.5,0
2024-09-18,19497.38,5994.17,0.81,135.41,0
2024-09-19,11386.85,5178.53,0.79,160.18,0
2024-09-20,9238.81,5683.6,0.91,137.61,0
2024-09-21,14531.26,3223.46,0.91,100.09,0
2024-09-22,18221.67,4372.43,0.94,126.89,0
2024-09-23,19744.72,7213.68,0.58,123.4,0
2024-09-24,12817.36,6620.94,0.84,122.18,0
2024-09-25,17645.92,4346.11,0.68,121.42,0
2024-09-26,12109.99,7305.17,0.84,127.97,0
2024-09-27,13379.1,4338.53,0.77,111.7,0
2024-09-28,17986.58,4212.17,0.94,96.39,0
2024-09-29,18513.53,7043.1,0.74,132.35,0
2024-09-30,12502.17,6769.29,0.6,144.71,0
2024-10-01,17662.14,4493.73,0.8,133.29,0
2024-10-02,9460.25,5141.09,0.73,130.31,0
2024-10-03,15290.69,4789.96,0.68,111.17,0
2024-10-04,12030.13,5804.97,0.79,140.52,0
2024-10-05,13173.05,7080.87,0.89,89.57,0
2024-10-06,11533.73,5838.59,0.65,161.64,0
2024-10-07,17937.69,5063.31,0.82,115.03,0
2024-10-08,17938.56,3584.44,0.84,137.84,0
2024-10-09,13580.8,6133.56,0.94,116.76,0
2024-10-10,17314.54,3732.46,0.64,126.94,0
2024-10-11,16914.45,4975.44,0.76,118.84,1
2024-10-12,15550.42,6349.88,0.83,88.95,1
2024-10-13,23553.6,6173.47,0.57,136.31,0
2024-10-14,13056.92,6206.46,0.9,105.76,0
2024-10-15,16050.07,6038.71,0.69,104.31,0
2024-10-16,14661.65,5375.03,0.82,116.25,0
2024-10-17,14698.77,5562.59,0.71,119.86,0
2024-10-18,16557.94,5310.48,0.91,131.33,0
2024-10-19,14969.62,5779.09,0.87,115.8,0
2024-10-20,12988.51,5842.28,0.74,173.29,0
2024-10-21,16434.8,5359.99,0.93,97.28,1
2024-10-22,20138.16,5816.58,0.86,119.13,0
2024-10-23,19299.68,4378.21,0.72,133.74,0
2024-10-24,16710.66,4831.65,0.9,144.59,0
2024-10-25,13426.11,5476.6,0.76,136.32,0
2024-10-26,16652.5,7508.22,0.77,140.24,0
2024-10-27,19796.25,5834.79,0.59,112.52,0
2024-10-28,20169.16,5038.32,0.91,135.71,0
2024-10-29,17258.9,4935.73,0.71,148.45,1
2024-10-30,14724.75,6093.0,0.74,133.86,1
2024-10-31,15290.37,5083.29,0.95,168.1,0
2024-11-01,18702.16,5964.86,0.88,123.93,0
2024-11-02,18402.21,5813.92,0.6,119.05,0
2024-11-03,9848.05,3704.71,0.86,94.03,0
2024-11-04,18305.16,5767.34,0.64,117.08,0
2024-11-05,18489.51,5758.75,0.62,134.24,0
2024-11-06,12894.83,6156.0,0.88,141.14,0
2024-11-07,13322.57,4195.5,0.76,150.15,0
2024-11-08,13349.93,6512.93,0.74,128.97,0
2024-11-09,13619.08,4999.84,0.59,114.76,0
2024-11-10,11041.38,7585.93,0.59,101.27,0
2024-11-11,17095.82,7302.92,0.71,121.72,0
2024-11-12,13249.98,4470.33,0.93,106.52,0
2024-11-13,15753.66,3556.94,0.64,121.4,0
2024-11-14,14258.51,6036.69,0.84,100.02,0
2024-11-15,16893.12,4216.04,0.76,118.62,0
2024-11-16,12462.84,6577.01,0.77,113.63,0
2024-11-17,16858.43,5835.83,0.93,143.35,0
2024-11-18,17364.23,3455.67,0.89,103.95,0
2024-11-19,18896.58,6138.48,0.89,94.66,0
2024-11-20,22887.19,5364.7,0.57,139.12,0
2024-11-21,9000.0,5694.53,0.95,152.11,1
2024-11-22,17121.1,7028.86,0.93,138.92,0
2024-11-23,13517.93,5044.09,0.59,122.44,0
2024-11-24,9262.29,6109.63,0.77,109.54,0
2024-11-25,18945.71,4481.93,0.56,121.23,0
2024-11-26,20662.7,4511.43,0.59,117.89,0
2024-11-27,14629.3,4938.22,0.9,103.38,1
2024-11-28,16738.21,4455.54,0.57,125.24,0
2024-11-29,15775.73,5881.43,0.65,148.18,0
2024-11-30,17519.69,3611.88,0.75,140.38,0
2024-12-01,19081.88,6195.46,0.65,131.36,0
2024-12-02,17207.28,4286.17,0.92,123.97,0
2024-12-03,17210.19,5653.25,0.68,107.37,0
2024-12-04,20409.08,3775.08,0.84,144.62,0
2024-12-05,15423.68,5773.28,0.86,99.13,1
2024-12-06,19230.73,6500.81,0.57,86.42,0
2024-12-07,13123.0,5211.73,0.7,123.87,0
2024-12-08,21624.8,7058.42,0.63,117.38,1
2024-12-09,18582.39,5032.11,0.65,118.62,0
2024-12-10,14586.84,5693.64,0.71,138.05,0
2024-12-11,9000.0,4089.44,0.57,134.71,0
2024-12-12,15998.91,5726.12,0.79,136.96,0
2024-12-13,11863.67,4518.23,0.63,144.63,0
2024-12-14,17048.72,4335.53,0.58,102.17,0
2024-12-15,21079.09,7096.12,0.73,156.48,0
2024-12-16,16560.21,3675.73,0.69,109.64,0
2024-12-17,15376.96,5062.28,0.94,130.57,0
2024-12-18,17197.72,6055.35,0.87,158.73,0
2024-12-19,16999.78,5480.89,0.66,154.32,0
2024-12-20,9000.0,2983.21,0.79,150.44,0
2024-12-21,16843.28,5924.69,0.76,124.61,0
2024-12-22,18170.97,3545.2,0.62,98.75,1
2024-12-23,15092.3,4668.1,0.86,105.75,0
2024-12-24,19424.96,4906.91,0.83,119.3,0
2024-12-25,15553.14,2000.0,0.6,112.69,0
2024-12-26,18684.5,5072.92,0.84,112.08,0
2024-12-27,23955.87,5999.05,0.8,120.75,0
2024-12-28,15662.63,4995.9,0.55,113.49,0
2024-12-29,9202.54,5421.92,0.57,115.71,0
2024-12-30,14821.93,7914.14,0.77,126.67,0
2024-12-31,9959.38,6550.53,0.59,107.17,1
